index,precision,recall,f1-score,support,ej_time
bee,0.9154078549848943,0.9380804953560371,0.926605504587156,323.0,8.8692339470512
other_insect,0.9446494464944649,0.8797250859106529,0.9110320284697507,291.0,8.8692339470512
other_noinsect,0.9611940298507463,0.9907692307692307,0.9757575757575757,325.0,8.8692339470512
wasp,0.9057750759878419,0.9113149847094801,0.9085365853658536,327.0,8.8692339470512
accuracy,0.9312796208530806,0.9312796208530806,0.9312796208530806,0.9312796208530806,8.8692339470512
macro avg,0.9317566018294868,0.9299724491863502,0.930482923545084,1266.0,8.8692339470512
weighted avg,0.9313951308369092,0.9312796208530806,0.930976756557816,1266.0,8.8692339470512
